URL,Ultima scansione
https://www.portalecinofilo.com/gruppi-fci/1,1970-01-01
https://www.portalecinofilo.com/gruppi-fci/10,1970-01-01
https://www.portalecinofilo.com/gruppi-fci/2,1970-01-01
https://www.portalecinofilo.com/gruppi-fci/4,1970-01-01
https://www.portalecinofilo.com/gruppi-fci/6,1970-01-01
https://www.portalecinofilo.com/gruppi-fci/8,1970-01-01
https://www.portalecinofilo.com/gruppi-fci/9,1970-01-01
https://www.portalecinofilo.com/impara,1970-01-01
https://www.portalecinofilo.com/impara/stage-1/doti-apprendimento,1970-01-01
https://www.portalecinofilo.com/impara/stage-1/etogramma-relazione-lettura,1970-01-01
https://www.portalecinofilo.com/impara/stage-1/gioco-lavoro-motivazione,1970-01-01
https://www.portalecinofilo.com/impara/stage-1/osservazione-timing-marker,1970-01-01
https://www.portalecinofilo.com/impara/stage-1/routine-sicurezza-autonomia,1970-01-01
https://www.portalecinofilo.com/impara/stage-1/spazi-risorse-prossemica,1970-01-01
https://www.portalecinofilo.com/ranking,1970-01-01
https://www.portalecinofilo.com/razze/affenpinscher,1970-01-01
https://www.portalecinofilo.com/razze/airedale-terrier,1970-01-01
https://www.portalecinofilo.com/razze/akita,1970-01-01
https://www.portalecinofilo.com/razze/akita-americano,1970-01-01
https://www.portalecinofilo.com/razze/alano,1970-01-01
https://www.portalecinofilo.com/razze/alpenlaendische-dachsbracke,1970-01-01
https://www.portalecinofilo.com/razze/american-water-spaniel,1970-01-01
https://www.portalecinofilo.com/razze/anglo-francais-de-petite-venerie,1970-01-01
https://www.portalecinofilo.com/razze/ariegeois,1970-01-01
https://www.portalecinofilo.com/razze/australian-cattledog,1970-01-01
https://www.portalecinofilo.com/razze/australian-shepherd,1970-01-01
https://www.portalecinofilo.com/razze/barbet,1970-01-01
https://www.portalecinofilo.com/razze/barboni,1970-01-01
https://www.portalecinofilo.com/razze/barzoi,1970-01-01
https://www.portalecinofilo.com/razze/basset-blue-de-gascogne,1970-01-01
https://www.portalecinofilo.com/razze/bassethound,1970-01-01
https://www.portalecinofilo.com/razze/bassett-artesian-normand,1970-01-01
https://www.portalecinofilo.com/razze/bassett-fauve-de-bretagne,1970-01-01
https://www.portalecinofilo.com/razze/bayerischer-gebirgsschweisshund,1970-01-01
https://www.portalecinofilo.com/razze/beagle-harrier,1970-01-01
https://www.portalecinofilo.com/razze/bichon-a-poil-frise,1970-01-01
https://www.portalecinofilo.com/razze/bichon-havanais,1970-01-01
https://www.portalecinofilo.com/razze/billy,1970-01-01
https://www.portalecinofilo.com/razze/bouledogue-francese,1970-01-01
https://www.portalecinofilo.com/razze/bovaro-dell-appenzell,1970-01-01
https://www.portalecinofilo.com/razze/bovaro-delle-ardenne,1970-01-01
https://www.portalecinofilo.com/razze/bovaro-delle-fiandre,1970-01-01
https://www.portalecinofilo.com/razze/boxer,1970-01-01
https://www.portalecinofilo.com/razze/bracco-d-ariege,1970-01-01
https://www.portalecinofilo.com/razze/bracco-d-auvergne,1970-01-01
https://www.portalecinofilo.com/razze/bracco-del-bourbonnais,1970-01-01
https://www.portalecinofilo.com/razze/bracco-francese-tipo-gascogne,1970-01-01
https://www.portalecinofilo.com/razze/bracco-francese-tipo-pirenei,1970-01-01
https://www.portalecinofilo.com/razze/bracco-italiano,1970-01-01
https://www.portalecinofilo.com/razze/bracco-portoghese,1970-01-01
https://www.portalecinofilo.com/razze/bracco-saint-germain,1970-01-01
https://www.portalecinofilo.com/razze/bracco-slovacco-a-pelo-duro,1970-01-01
https://www.portalecinofilo.com/razze/bracco-ungherese-a-pelo-corto,1970-01-01
https://www.portalecinofilo.com/razze/bracco-ungherese-a-pelo-duro,1970-01-01
https://www.portalecinofilo.com/razze/briquet-griffon-vendeen,1970-01-01
https://www.portalecinofilo.com/razze/bulldog,1970-01-01
https://www.portalecinofilo.com/razze/bullmastiff,1970-01-01
https://www.portalecinofilo.com/razze/cairn-terrier,1970-01-01
https://www.portalecinofilo.com/razze/canaan-dog,1970-01-01
https://www.portalecinofilo.com/razze/cane-da-pastore-croato,1970-01-01
https://www.portalecinofilo.com/razze/cane-da-pastore-della-russia-meridionale,1970-01-01
https://www.portalecinofilo.com/razze/cane-da-pastore-della-sila,1970-01-01
https://www.portalecinofilo.com/razze/cane-da-pastore-di-brie,1970-01-01
https://www.portalecinofilo.com/razze/cane-da-pastore-di-picardia,1970-01-01
https://www.portalecinofilo.com/razze/cane-da-pastore-scozzese-a-pelo-corto,1970-01-01
https://www.portalecinofilo.com/razze/cane-da-sierra-di-estrela,1970-01-01
https://www.portalecinofilo.com/razze/cane-de-castro-laboreiro,1970-01-01
https://www.portalecinofilo.com/razze/cane-dell-atlas,1970-01-01
https://www.portalecinofilo.com/razze/cane-fonnese,1970-01-01
https://www.portalecinofilo.com/razze/cane-lupo-cecoslovacco,1970-01-01
https://www.portalecinofilo.com/razze/cao-da-sierra-de-aires,1970-01-01
https://www.portalecinofilo.com/razze/cao-de-agua,1970-01-01
https://www.portalecinofilo.com/razze/cao-de-gado-transmontano,1970-01-01
https://www.portalecinofilo.com/razze/cao-fila-de-sao-miguel,1970-01-01
https://www.portalecinofilo.com/razze/carlino,1970-01-01
https://www.portalecinofilo.com/razze/cavalier-king-charles-spaniel,1970-01-01
https://www.portalecinofilo.com/razze/chesapeake-bay-retriever,1970-01-01
https://www.portalecinofilo.com/razze/chien-d-artois,1970-01-01
https://www.portalecinofilo.com/razze/chihuahua,1970-01-01
https://www.portalecinofilo.com/razze/chin,1970-01-01
https://www.portalecinofilo.com/razze/chow-chow,1970-01-01
https://www.portalecinofilo.com/razze/cimarron-uruguayo,1970-01-01
https://www.portalecinofilo.com/razze/ciobanesc-romanesc-de-bucovina,1970-01-01
https://www.portalecinofilo.com/razze/cocker-americano,1970-01-01
https://www.portalecinofilo.com/razze/cocker-spaniel-inglese,1970-01-01
https://www.portalecinofilo.com/razze/continental-bulldog,1970-01-01
https://www.portalecinofilo.com/razze/coton-de-tulear,1970-01-01
https://www.portalecinofilo.com/razze/dalmata,1970-01-01
https://www.portalecinofilo.com/razze/dansk-svensk-gardshund,1970-01-01
https://www.portalecinofilo.com/razze/deerhound,1970-01-01
https://www.portalecinofilo.com/razze/deutscher-jagdterrier,1970-01-01
https://www.portalecinofilo.com/razze/dogo-argentino,1970-01-01
https://www.portalecinofilo.com/razze/dogue-de-bordeaux,1970-01-01
https://www.portalecinofilo.com/razze/drever,1970-01-01
https://www.portalecinofilo.com/razze/dunker,1970-01-01
https://www.portalecinofilo.com/razze/eesti-hagijas,1970-01-01
https://www.portalecinofilo.com/razze/epagneul-blue-de-picardie,1970-01-01
https://www.portalecinofilo.com/razze/epagneul-breton,1970-01-01
https://www.portalecinofilo.com/razze/epagneul-de-pont-audemer,1970-01-01
https://www.portalecinofilo.com/razze/epagneul-nano-continentale,1970-01-01
https://www.portalecinofilo.com/razze/epagneul-olandese-di-drent,1970-01-01
https://www.portalecinofilo.com/razze/epagneul-picard,1970-01-01
https://www.portalecinofilo.com/razze/eurasier,1970-01-01
https://www.portalecinofilo.com/razze/field-spaniel,1970-01-01
https://www.portalecinofilo.com/razze/fila-brasileiro,1970-01-01
https://www.portalecinofilo.com/razze/fox-terrier-a-pelo-liscio,1970-01-01
https://www.portalecinofilo.com/razze/fox-terrier-a-pelo-ruvido,1970-01-01
https://www.portalecinofilo.com/razze/foxhound,1970-01-01
https://www.portalecinofilo.com/razze/foxhound-americano,1970-01-01
https://www.portalecinofilo.com/razze/galgo-espanol,1970-01-01
https://www.portalecinofilo.com/razze/gascon-saintongeois,1970-01-01
https://www.portalecinofilo.com/razze/gonczy-polski,1970-01-01
https://www.portalecinofilo.com/razze/grand-anglo-francais-blanc-et-noir,1970-01-01
https://www.portalecinofilo.com/razze/grand-anglo-francais-blanc-et-orange,1970-01-01
https://www.portalecinofilo.com/razze/grand-anglo-francais-tricolore,1970-01-01
https://www.portalecinofilo.com/razze/grand-basset-griffon-vendeen,1970-01-01
https://www.portalecinofilo.com/razze/grand-bleu-de-gascogne,1970-01-01
https://www.portalecinofilo.com/razze/grand-griffon-vendeen,1970-01-01
https://www.portalecinofilo.com/razze/grande-bovaro-svizzero,1970-01-01
https://www.portalecinofilo.com/razze/greyhound,1970-01-01
https://www.portalecinofilo.com/razze/griffon-bleu-de-gascogne,1970-01-01
https://www.portalecinofilo.com/razze/griffon-fauve-de-bretagne,1970-01-01
https://www.portalecinofilo.com/razze/griffon-nivernais,1970-01-01
https://www.portalecinofilo.com/razze/griffone-a-pelo-duro-korthals,1970-01-01
https://www.portalecinofilo.com/razze/griffone-belga,1970-01-01
https://www.portalecinofilo.com/razze/groenlandese,1970-01-01
https://www.portalecinofilo.com/razze/haldenstovare,1970-01-01
https://www.portalecinofilo.com/razze/hamilton-stovare,1970-01-01
https://www.portalecinofilo.com/razze/hannoverischer-schweisshund,1970-01-01
https://www.portalecinofilo.com/razze/harrier,1970-01-01
https://www.portalecinofilo.com/razze/hokkaido,1970-01-01
https://www.portalecinofilo.com/razze/hovawart,1970-01-01
https://www.portalecinofilo.com/razze/hyghenhund,1970-01-01
https://www.portalecinofilo.com/razze/irish-terrier,1970-01-01
https://www.portalecinofilo.com/razze/irish-water-spaniel,1970-01-01
https://www.portalecinofilo.com/razze/irish-wolfhound,1970-01-01
https://www.portalecinofilo.com/razze/jamthund,1970-01-01
https://www.portalecinofilo.com/razze/kerry-blue-terrier,1970-01-01
https://www.portalecinofilo.com/razze/king-charles-spaniel,1970-01-01
https://www.portalecinofilo.com/razze/kishu,1970-01-01
https://www.portalecinofilo.com/razze/komondor,1970-01-01
https://www.portalecinofilo.com/razze/kooikerhondje,1970-01-01
https://www.portalecinofilo.com/razze/kromforhlander,1970-01-01
https://www.portalecinofilo.com/razze/kuvasz,1970-01-01
https://www.portalecinofilo.com/razze/labrador-retriever,1970-01-01
https://www.portalecinofilo.com/razze/lagotto-romagnolo,1970-01-01
https://www.portalecinofilo.com/razze/lakeland-terrier,1970-01-01
https://www.portalecinofilo.com/razze/landseer,1970-01-01
https://www.portalecinofilo.com/razze/lapinkoira,1970-01-01
https://www.portalecinofilo.com/razze/leonberger,1970-01-01
https://www.portalecinofilo.com/razze/levriero-afgano,1970-01-01
https://www.portalecinofilo.com/razze/levriero-polacco,1970-01-01
https://www.portalecinofilo.com/razze/lhasa-apso,1970-01-01
https://www.portalecinofilo.com/razze/magyar-agar,1970-01-01
https://www.portalecinofilo.com/razze/maltese,1970-01-01
https://www.portalecinofilo.com/razze/mastiff,1970-01-01
https://www.portalecinofilo.com/razze/mastino-napoletano,1970-01-01
https://www.portalecinofilo.com/razze/miniature-american-shepherd,1970-01-01
https://www.portalecinofilo.com/razze/mudi,1970-01-01
https://www.portalecinofilo.com/razze/norbottenspets,1970-01-01
https://www.portalecinofilo.com/razze/norsk-buhund,1970-01-01
https://www.portalecinofilo.com/razze/norsk-elghund-grigio,1970-01-01
https://www.portalecinofilo.com/razze/norsk-elghund-nero,1970-01-01
https://www.portalecinofilo.com/razze/norsk-lundehund,1970-01-01
https://www.portalecinofilo.com/razze/norwich-terrier,1970-01-01
https://www.portalecinofilo.com/razze/old-english-sheepdog,1970-01-01
https://www.portalecinofilo.com/razze/otterhound,1970-01-01
https://www.portalecinofilo.com/razze/pastore-svizzero-bianco,1970-01-01
https://www.portalecinofilo.com/razze/pastore-tedesco,1970-01-01
https://www.portalecinofilo.com/razze/pechinese,1970-01-01
https://www.portalecinofilo.com/razze/perro-de-agua-espanol,1970-01-01
https://www.portalecinofilo.com/razze/perro-dogo-mallorquin,1970-01-01
https://www.portalecinofilo.com/razze/perro-sin-pelo-del-peru,1970-01-01
https://www.portalecinofilo.com/razze/petit-basset-griffon-vendeen,1970-01-01
https://www.portalecinofilo.com/razze/petit-bleu-de-gascogne,1970-01-01
https://www.portalecinofilo.com/razze/pharaon-hound,1970-01-01
https://www.portalecinofilo.com/razze/piccolo-cane-leone,1970-01-01
https://www.portalecinofilo.com/razze/piccolo-levriero-italiano,1970-01-01
https://www.portalecinofilo.com/razze/piccolo-muensterlander,1970-01-01
https://www.portalecinofilo.com/razze/pinscher,1970-01-01
https://www.portalecinofilo.com/razze/pinscher-austriaco-a-pelo-corto,1970-01-01
https://www.portalecinofilo.com/razze/podengo-portugues,1970-01-01
https://www.portalecinofilo.com/razze/pointer-inglese,1970-01-01
https://www.portalecinofilo.com/razze/poitevin,1970-01-01
https://www.portalecinofilo.com/razze/porcelaine,1970-01-01
https://www.portalecinofilo.com/razze/prazsky-krysarik,1970-01-01
https://www.portalecinofilo.com/razze/presa-canario,1970-01-01
https://www.portalecinofilo.com/razze/pudel-pointer,1970-01-01
https://www.portalecinofilo.com/razze/puli,1970-01-01
https://www.portalecinofilo.com/razze/pumi,1970-01-01
https://www.portalecinofilo.com/razze/rastreador-brasileiro,1970-01-01
https://www.portalecinofilo.com/razze/rhodesian-ridgeback,1970-01-01
https://www.portalecinofilo.com/razze/riesenschnauzer,1970-01-01
https://www.portalecinofilo.com/razze/romanian-mioritic-sheperd-dog,1970-01-01
https://www.portalecinofilo.com/razze/rottweiler,1970-01-01
https://www.portalecinofilo.com/razze/russian-toy,1970-01-01
https://www.portalecinofilo.com/razze/sabueso-espagnol,1970-01-01
https://www.portalecinofilo.com/razze/saluki,1970-01-01
https://www.portalecinofilo.com/razze/samoiedo,1970-01-01
https://www.portalecinofilo.com/razze/schapendoes,1970-01-01
https://www.portalecinofilo.com/razze/schiller-stovare,1970-01-01
https://www.portalecinofilo.com/razze/schipperke,1970-01-01
https://www.portalecinofilo.com/razze/scottish-terrier,1970-01-01
https://www.portalecinofilo.com/razze/sealyham-terrier,1970-01-01
https://www.portalecinofilo.com/razze/segugi-svizzeri,1970-01-01
https://www.portalecinofilo.com/razze/segugio-della-bosnia-a-pelo-duro,1970-01-01
https://www.portalecinofilo.com/razze/segugio-della-stiria-a-pelo-ruvido,1970-01-01
https://www.portalecinofilo.com/razze/segugio-della-transilvania,1970-01-01
https://www.portalecinofilo.com/razze/segugio-della-westfalia,1970-01-01
https://www.portalecinofilo.com/razze/segugio-finlandese,1970-01-01
https://www.portalecinofilo.com/razze/segugio-italiano-a-pelo-forte,1970-01-01
https://www.portalecinofilo.com/razze/segugio-italiano-a-pelo-raso,1970-01-01
https://www.portalecinofilo.com/razze/segugio-maremmano,1970-01-01
https://www.portalecinofilo.com/razze/segugio-polacco,1970-01-01
https://www.portalecinofilo.com/razze/segugio-posavatz,1970-01-01
https://www.portalecinofilo.com/razze/segugio-tedesco,1970-01-01
https://www.portalecinofilo.com/razze/segugio-tirolese,1970-01-01
https://www.portalecinofilo.com/razze/segugio-tricolore-jugoslavo,1970-01-01
https://www.portalecinofilo.com/razze/setter-gordon,1970-01-01
https://www.portalecinofilo.com/razze/setter-inglese,1970-01-01
https://www.portalecinofilo.com/razze/setter-irlandese-rosso,1970-01-01
https://www.portalecinofilo.com/razze/shar-pei,1970-01-01
https://www.portalecinofilo.com/razze/shiba,1970-01-01
https://www.portalecinofilo.com/razze/shih-tzu,1970-01-01
https://www.portalecinofilo.com/razze/skye-terrier,1970-01-01
https://www.portalecinofilo.com/razze/sloughi,1970-01-01
https://www.portalecinofilo.com/razze/slovensky-cuvac,1970-01-01
https://www.portalecinofilo.com/razze/slovensky-kopov,1970-01-01
https://www.portalecinofilo.com/razze/smaalandsstovare,1970-01-01
https://www.portalecinofilo.com/razze/smoushound-olandese,1970-01-01
https://www.portalecinofilo.com/razze/spaniel-olandese,1970-01-01
https://www.portalecinofilo.com/razze/spaniel-tedesco,1970-01-01
https://www.portalecinofilo.com/razze/spinone-italiano,1970-01-01
https://www.portalecinofilo.com/razze/spitz-finnico,1970-01-01
https://www.portalecinofilo.com/razze/spitz-giapponese,1970-01-01
https://www.portalecinofilo.com/razze/springer-spaniel-inglese,1970-01-01
https://www.portalecinofilo.com/razze/stabyhound,1970-01-01
https://www.portalecinofilo.com/razze/sussex-spaniel,1970-01-01
https://www.portalecinofilo.com/razze/svensk-lapphund,1970-01-01
https://www.portalecinofilo.com/razze/terranova,1970-01-01
https://www.portalecinofilo.com/razze/terrier-boemo,1970-01-01
https://www.portalecinofilo.com/razze/terrier-brazileiro,1970-01-01
https://www.portalecinofilo.com/razze/terrier-giapponese,1970-01-01
https://www.portalecinofilo.com/razze/terrier-nero-russo,1970-01-01
https://www.portalecinofilo.com/razze/thai-bangkaew-dog,1970-01-01
https://www.portalecinofilo.com/razze/thai-ridgeback-dog,1970-01-01
https://www.portalecinofilo.com/razze/tibetan-mastiff,1970-01-01
https://www.portalecinofilo.com/razze/tibetan-spaniel,1970-01-01
https://www.portalecinofilo.com/razze/tibetan-terrier,1970-01-01
https://www.portalecinofilo.com/razze/tornjak,1970-01-01
https://www.portalecinofilo.com/razze/vastgotaspets,1970-01-01
https://www.portalecinofilo.com/razze/volpino-italiano,1970-01-01
https://www.portalecinofilo.com/razze/weimaraner,1970-01-01
https://www.portalecinofilo.com/razze/welsh-corgi-cardigan,1970-01-01
https://www.portalecinofilo.com/razze/welsh-corgi-pembroke,1970-01-01
https://www.portalecinofilo.com/razze/welsh-springer-spaniel,1970-01-01
https://www.portalecinofilo.com/razze/welsh-terrier,1970-01-01
https://www.portalecinofilo.com/razze/west-highland-white-terrier,1970-01-01
https://www.portalecinofilo.com/razze/whippet,1970-01-01
https://www.portalecinofilo.com/razze/xoloitzcuintle,1970-01-01
https://www.portalecinofilo.com/razze/zwergschnauzer,1970-01-01
https://www.portalecinofilo.com/scegliere-allevatore,1970-01-01
https://www.portalecinofilo.com/search,1970-01-01
https://www.portalecinofilo.com/sport,1970-01-01